"Modelo","RMSE"
"Modelo 1",0.752359424998339
"Modelo 3",0.750953118524712
"Modelo 2",0.74198018295703
"Modelo 9",0.740022122564354
"Modelo 8",0.737871605534796
"Modelo 4",0.599806118597671
"Modelo 5",0.59573509464688
"Modelo 6",0.590720893253913
"Modelo 7",0.590539871508492
"Modelo 10",0.590094165845293
